2020-04-04 22:27:02.275870,60139,43616464
2020-04-04 22:28:02.239236,60150,43658105
2020-04-04 22:29:02.226437,60155,43658630
2020-04-04 22:30:02.425293,60160,43662350
2020-04-04 22:31:02.420963,60160,43662350
2020-04-04 22:32:02.418988,60165,43663550
2020-04-04 22:33:02.382198,60179,43667907
2020-04-04 22:34:02.372489,60185,43672770
2020-04-04 22:35:02.318704,60189,43673320
2020-04-04 22:36:02.301951,60197,43676970
2020-04-04 22:37:02.262653,60207,43683320
2020-04-04 22:38:02.435688,60217,43685038
2020-04-04 22:39:02.513798,60224,43686413
2020-04-04 22:40:02.534060,60231,43697023
2020-04-04 22:41:02.497952,60249,43726869
2020-04-04 22:42:02.477399,60249,43726869
2020-04-04 22:43:02.469352,60257,43728532
2020-04-04 22:44:04.505354,60261,43729550
2020-04-04 22:45:02.488420,60264,43729641
2020-04-04 22:46:02.470081,60281,43751522
2020-04-04 22:47:02.446868,60281,43751522
2020-04-04 22:48:02.428558,60287,43791262
2020-04-04 22:49:02.621222,60293,43795812
2020-04-04 22:50:02.735802,60301,43805012
2020-04-04 22:51:02.786010,60316,43817982
2020-04-04 22:52:02.783855,60316,43817982
2020-04-04 22:53:02.860333,60321,43820842
2020-04-04 22:54:02.841998,60327,43822702
2020-04-04 22:55:02.830995,60335,43824171
2020-04-04 22:56:02.903683,60355,43829144
2020-04-04 22:57:04.157411,60355,43829144
2020-04-04 22:58:02.152747,60362,43856844
2020-04-04 22:59:02.147026,60369,43859949
2020-04-04 23:00:02.282427,60374,43860263
2020-04-04 23:01:02.262973,60382,43861723
2020-04-04 23:02:02.222019,60382,43861723
2020-04-04 23:03:02.218932,60390,43873052
2020-04-04 23:04:02.177370,60396,43874651
2020-04-04 23:05:02.247787,60403,43876411
2020-04-04 23:06:02.299170,60416,43880591
2020-04-04 23:07:02.316223,60416,43880591
2020-04-04 23:08:02.295511,60419,43881642
2020-04-04 23:09:02.342762,60425,43884042
2020-04-04 23:10:03.105766,60431,43885642
2020-04-04 23:11:02.124381,60447,43951758
2020-04-04 23:12:02.841381,60447,43951758
2020-04-04 23:13:02.893960,60453,43952428
2020-04-04 23:14:05.525511,60463,43962359
2020-04-04 23:15:02.610630,60469,43963471
2020-04-04 23:16:02.587586,60481,43970726
2020-04-04 23:17:02.605447,60481,43970726
2020-04-04 23:18:02.669887,60489,43975944
2020-04-04 23:19:02.700315,60492,43976243
2020-04-04 23:20:02.753349,60492,43976243
2020-04-04 23:21:02.812099,60493,43976253
2020-04-04 23:22:02.815584,60493,43976253
2020-04-04 23:23:02.827163,60493,43976253
2020-04-04 23:24:02.784164,60493,43976253
2020-04-04 23:25:02.853500,60495,43976283
2020-04-04 23:26:02.998842,60495,43976283
2020-04-04 23:27:01.982525,60495,43976283
2020-04-04 23:28:01.946577,60496,43976483
2020-04-04 23:29:02.967725,60496,43976483
2020-04-04 23:30:03.159822,60496,43976483
2020-04-04 23:31:02.289260,60497,43976583
2020-04-04 23:32:02.212203,60497,43976583
2020-04-04 23:33:02.188834,60497,43976583
2020-04-04 23:34:02.204598,60497,43976583
2020-04-04 23:35:02.220556,60497,43976583
2020-04-04 23:36:02.229813,60499,43981683
2020-04-04 23:37:02.210742,60499,43981683
2020-04-04 23:38:02.249147,60500,43981983
2020-04-04 23:39:02.251974,60501,43982033
2020-04-04 23:40:02.443124,60502,43982233
2020-04-04 23:41:02.470135,60502,43982233
2020-04-04 23:42:02.420718,60502,43982233
2020-04-04 23:43:02.485465,60503,43982383
2020-04-04 23:44:02.514493,60503,43982383
2020-04-04 23:45:02.475290,60503,43982383
2020-04-04 23:46:02.541850,60504,43982483
2020-04-04 23:47:02.530700,60504,43982483
2020-04-04 23:48:02.541511,60504,43982483
2020-04-04 23:49:02.579959,60504,43982483
2020-04-04 23:50:02.681552,60506,43982883
2020-04-04 23:51:02.651226,60506,43982883
2020-04-04 23:52:02.659470,60506,43982883
2020-04-04 23:53:02.634419,60506,43982883
2020-04-04 23:54:02.679894,60506,43982883
2020-04-04 23:55:02.622243,60506,43982883
2020-04-04 23:56:02.593088,60506,43982883
2020-04-04 23:57:02.575205,60506,43982883
2020-04-04 23:58:02.582791,60507,43982888
2020-04-04 23:59:02.767424,60507,43982888
2020-04-05 00:00:03.519790,60507,43982888
2020-04-05 00:01:02.561972,60517,44035299
2020-04-05 00:02:02.654188,60517,44035299
2020-04-05 00:03:02.743572,60527,44073640
2020-04-05 00:04:02.795627,60536,44085981
2020-04-05 00:05:02.776331,60542,44090717
2020-04-05 00:06:02.728337,60553,44103977
2020-04-05 00:07:02.716724,60553,44103977
2020-04-05 00:08:02.705619,60559,44107428
2020-04-05 00:09:02.665097,60561,44107638
2020-04-05 00:10:02.747414,60568,44109001
2020-04-05 00:11:02.707433,60578,44112452
2020-04-05 00:12:02.753605,60578,44112452
2020-04-05 00:13:02.797479,60587,44118456
2020-04-05 00:14:02.780595,60587,44118456
2020-04-05 00:15:02.780112,60598,44129472
2020-04-05 00:16:02.729515,60607,44134922
2020-04-05 00:17:02.821160,60607,44134922
2020-04-05 00:18:02.769766,60617,44149983
2020-04-05 00:19:02.795091,60623,44152234
2020-04-05 00:20:03.569637,60640,44157406
2020-04-05 00:21:02.617268,60648,44162774
2020-04-05 00:22:02.620710,60648,44162774
2020-04-05 00:23:02.739558,60658,44165180
2020-04-05 00:24:02.807707,60661,44165740
2020-04-05 00:25:02.858355,60669,44171813
2020-04-05 00:26:02.821010,60674,44175163
2020-04-05 00:27:02.867179,60674,44175163
2020-04-05 00:28:02.910759,60682,44178910
2020-04-05 00:29:03.076179,60695,44194871
2020-04-05 00:30:02.231294,60710,44197850
2020-04-05 00:31:02.510892,60715,44199135
2020-04-05 00:32:02.557877,60715,44199135
2020-04-05 00:33:02.579567,60724,44215517
2020-04-05 00:34:02.595969,60727,44216242
2020-04-05 00:35:02.657295,60737,44222582
2020-04-05 00:36:02.734823,60745,44224748
2020-04-05 00:37:02.704481,60745,44224748
2020-04-05 00:38:02.681222,60749,44225518
2020-04-05 00:39:02.686827,60752,44227468
2020-04-05 00:40:02.656143,60764,44251868
2020-04-05 00:41:02.756648,60768,44252174
2020-04-05 00:42:02.716729,60768,44252174
2020-04-05 00:43:02.644952,60772,44256314
2020-04-05 00:44:02.610887,60783,44259664
2020-04-05 00:45:02.545946,60792,44265197
2020-04-05 00:46:02.469502,60798,44265482
2020-04-05 00:47:02.437187,60798,44265482
2020-04-05 00:48:02.395532,60803,44268322
2020-04-05 00:49:02.323702,60808,44268982
2020-04-05 00:50:02.303264,60819,44271726
2020-04-05 00:51:02.272342,60824,44274046
2020-04-05 00:52:02.299569,60824,44274046
2020-04-05 00:53:02.242365,60830,44275698
2020-04-05 00:54:02.169087,60833,44276160
2020-04-05 00:55:02.169671,60841,44278682
2020-04-05 00:56:02.092295,60851,44281674
2020-04-05 00:57:02.065519,60851,44281674
2020-04-05 00:58:02.000433,60853,44282274
2020-04-05 00:59:01.986242,60857,44284344
2020-04-05 01:00:01.963039,60865,44322996
2020-04-05 01:01:04.473237,60865,44322996
2020-04-05 01:02:02.438192,60865,44322996
2020-04-05 01:03:02.374719,60868,44323156
2020-04-05 01:04:02.313736,60874,44324436
2020-04-05 01:05:02.256801,60885,44326174
2020-04-05 01:06:02.233740,60889,44337384
2020-04-05 01:07:02.168020,60889,44337384
2020-04-05 01:08:02.172862,60892,44338734
2020-04-05 01:09:02.166219,60899,44339744
2020-04-05 01:10:02.143607,60906,44343984
2020-04-05 01:11:02.123970,60909,44345014
2020-04-05 01:12:02.141509,60909,44345014
2020-04-05 01:13:02.137466,60920,44351996
2020-04-05 01:14:02.135200,60928,44384766
2020-04-05 01:15:02.124153,60934,44385289
2020-04-05 01:16:02.135549,60939,44385699
2020-04-05 01:17:02.095611,60939,44385699
2020-04-05 01:18:02.180331,60944,44386850
2020-04-05 01:19:02.165517,60948,44392150
2020-04-05 01:20:02.161290,60957,44394150
2020-04-05 01:21:02.130275,60959,44394310
2020-04-05 01:22:02.125102,60959,44394310
2020-04-05 01:23:02.112264,60961,44395371
2020-04-05 01:24:02.111313,60965,44397881
2020-04-05 01:25:02.078035,60970,44398796
2020-04-05 01:26:02.054377,60973,44399296
2020-04-05 01:27:02.050279,60973,44399296
2020-04-05 01:28:06.226600,60977,44405123
2020-04-05 01:29:02.276470,60985,44410177
2020-04-05 01:30:02.261669,60988,44410323
2020-04-05 01:31:02.502701,60994,44412529
2020-04-05 01:32:02.451171,60994,44412529
2020-04-05 01:33:02.403833,60995,44412569
2020-04-05 01:34:02.314565,61005,44459984
2020-04-05 01:35:02.286262,61008,44460234
2020-04-05 01:36:02.410737,61012,44460635
2020-04-05 01:37:02.409405,61012,44460635
2020-04-05 01:38:02.430440,61013,44460735
2020-04-05 01:39:02.421707,61024,44463109
2020-04-05 01:40:02.370813,61024,44463109
2020-04-05 01:41:02.324426,61028,44464170
2020-04-05 01:42:02.591143,61028,44464170
2020-04-05 01:43:02.578231,61029,44464220
2020-04-05 01:44:02.544407,61041,44465840
2020-04-05 01:45:02.491212,61044,44466844
2020-04-05 01:46:02.449789,61045,44466944
2020-04-05 01:47:02.436339,61045,44466944
2020-04-05 01:48:02.422034,61051,44468194
2020-04-05 01:49:02.379781,61056,44474304
2020-04-05 01:50:02.343528,61057,44474804
2020-04-05 01:51:02.313581,61059,44475104
2020-04-05 01:52:02.228125,61059,44475104
2020-04-05 01:53:02.211076,61067,44482254
2020-04-05 01:54:02.139092,61073,44482847
2020-04-05 01:55:02.049797,61074,44483047
2020-04-05 01:56:02.031889,61077,44485003
2020-04-05 01:57:01.992575,61077,44485003
2020-04-05 01:58:01.976896,61079,44485204
2020-04-05 01:59:02.906130,61081,44485308
2020-04-05 02:00:02.862330,61081,44485308
2020-04-05 02:01:03.004303,61083,44487309
2020-04-05 02:02:01.961156,61083,44487309
2020-04-05 02:03:02.869198,61084,44487409
2020-04-05 02:04:02.848065,61089,44488110
2020-04-05 02:05:02.770082,61090,44489110
2020-04-05 02:06:02.692782,61095,44492715
2020-04-05 02:07:02.648432,61095,44492715
2020-04-05 02:08:02.608768,61095,44492715
2020-04-05 02:09:02.537622,61097,44493730
2020-04-05 02:10:02.574074,61102,44495810
2020-04-05 02:11:02.513856,61104,44495821
2020-04-05 02:12:02.483133,61104,44495821
2020-04-05 02:13:02.460863,61104,44495821
2020-04-05 02:14:02.392819,61106,44497108
2020-04-05 02:15:02.316397,61108,44497218
2020-04-05 02:16:02.484467,61110,44499218
2020-04-05 02:17:02.392738,61110,44499218
2020-04-05 02:18:02.319596,61110,44499218
2020-04-05 02:19:02.214223,61112,44501418
2020-04-05 02:20:02.187530,61116,44501658
2020-04-05 02:21:02.130332,61116,44501658
2020-04-05 02:22:02.051355,61116,44501658
2020-04-05 02:23:01.994972,61116,44501658
2020-04-05 02:24:01.927469,61119,44502958
2020-04-05 02:25:02.843917,61120,44503008
2020-04-05 02:26:03.134904,61124,44503073
2020-04-05 02:27:02.110794,61127,44503103
2020-04-05 02:28:02.081265,61127,44503103
2020-04-05 02:29:02.132969,61127,44503103
2020-04-05 02:30:03.745045,61129,44506608
2020-04-05 02:31:02.893526,61133,44507173
2020-04-05 02:32:02.829885,61137,44507879
2020-04-05 02:33:03.582815,61137,44507879
2020-04-05 02:34:02.576682,61139,44508079
2020-04-05 02:35:02.491499,61960,44788512
2020-04-05 02:36:02.410027,61961,44788712
2020-04-05 02:37:02.361054,61961,44788712
2020-04-05 02:38:02.303365,61961,44788712
2020-04-05 02:39:02.283186,61965,44791032
2020-04-05 02:40:02.339652,61969,44791242
2020-04-05 02:41:02.289330,61969,44791242
2020-04-05 02:42:02.231667,61969,44791242
2020-04-05 02:43:02.181708,61969,44791242
2020-04-05 02:44:02.129391,61973,44791552
2020-04-05 02:45:02.092280,61973,44791552
2020-04-05 02:46:02.019011,61973,44791552
2020-04-05 02:47:02.004357,61973,44791552
2020-04-05 02:48:01.933439,61973,44791552
2020-04-05 02:50:02.868551,61979,44792552
2020-04-05 02:51:02.818356,61979,44792552
2020-04-05 02:52:02.753611,61980,44792652
2020-04-05 02:53:02.738330,61980,44792652
2020-04-05 02:54:02.732136,61981,44793652
2020-04-05 02:55:02.668745,61982,44794652
2020-04-05 02:56:02.664982,61982,44794652
2020-04-05 02:57:02.645433,61982,44794652
2020-04-05 02:58:02.569364,61982,44794652
2020-04-05 02:59:02.551597,61984,44794795
2020-04-05 03:00:02.508600,61986,44795805
2020-04-05 03:01:02.664654,61986,44795805
2020-04-05 03:02:02.627876,61986,44795805
2020-04-05 03:03:02.606654,61986,44795805
2020-04-05 03:04:02.530677,61990,44802513
2020-04-05 03:05:02.524448,61993,44803763
2020-04-05 03:06:02.458207,61995,44803788
2020-04-05 03:07:02.407411,61995,44803788
2020-04-05 03:08:02.389261,61995,44803788
2020-04-05 03:09:02.478267,61998,44804348
2020-04-05 03:10:02.501048,61998,44804348
2020-04-05 03:11:02.455153,61999,44814348
2020-04-05 03:12:02.385235,62001,44815358
2020-04-05 03:13:02.292713,62001,44815358
2020-04-05 03:14:02.224703,62004,44816418
2020-04-05 03:15:03.020520,62006,44817688
2020-04-05 03:16:01.940487,62007,44817788
2020-04-05 03:17:02.888506,62007,44817788
2020-04-05 03:18:02.851781,62007,44817788
2020-04-05 03:19:04.094515,62011,44818698
2020-04-05 03:20:02.125515,62011,44818698
2020-04-05 03:21:02.065784,62011,44818698
2020-04-05 03:22:01.987931,62012,44818708
2020-04-05 03:23:01.925890,62012,44818708
2020-04-05 03:24:02.880253,62015,44818868
2020-04-05 03:25:02.863262,62015,44818868
2020-04-05 03:26:02.832334,62016,44818968
2020-04-05 03:27:02.766782,62018,44819568
2020-04-05 03:28:02.749343,62019,44819868
2020-04-05 03:29:02.763493,62023,44820169
2020-04-05 03:30:02.732408,62024,44820209
2020-04-05 03:31:02.866279,62027,44821369
2020-04-05 03:32:02.829515,62027,44821369
2020-04-05 03:33:02.790465,62028,44821419
2020-04-05 03:34:02.713342,62028,44821419
2020-04-05 03:35:02.625699,62028,44821419
2020-04-05 03:37:02.513321,62032,44821759
2020-04-05 03:38:02.491570,62032,44821759
2020-04-05 03:39:02.477075,62032,44821759
2020-04-05 03:40:02.426559,62033,44821764
2020-04-05 03:41:02.368532,62033,44821764
2020-04-05 03:42:02.374415,62033,44821764
2020-04-05 03:43:02.291254,62033,44821764
2020-04-05 03:44:02.242590,62034,44821864
2020-04-05 03:45:02.195543,62035,44822164
2020-04-05 03:46:02.109654,62036,44823164
2020-04-05 03:47:02.033617,62036,44823164
2020-04-05 03:48:01.969226,62036,44823164
2020-04-05 03:49:02.916154,62036,44823164
2020-04-05 03:50:02.868685,62038,44823714
2020-04-05 03:51:02.802035,62041,44823825
2020-04-05 03:52:02.759490,62041,44823825
2020-04-05 03:53:02.747670,62041,44823825
2020-04-05 03:54:02.697644,62042,44823875
2020-04-05 03:55:02.735577,62042,44823875
2020-04-05 03:56:02.695070,62043,44823925
2020-04-05 03:57:02.632345,62044,44824025
2020-04-05 03:58:02.585390,62045,44824125
2020-04-05 03:59:02.554983,62045,44824125
2020-04-05 04:00:02.539509,62045,44824125
2020-04-05 04:01:02.711334,62046,44824126
2020-04-05 04:02:02.857613,62046,44824126
2020-04-05 04:03:02.781535,62049,44824332
2020-04-05 04:04:02.754460,62049,44824332
2020-04-05 04:05:02.719240,62049,44824332
2020-04-05 04:06:02.698370,62049,44824332
2020-04-05 04:07:02.632954,62050,44824362
2020-04-05 04:08:02.558394,62051,44824862
2020-04-05 04:09:02.507604,62051,44824862
2020-04-05 04:10:02.427406,62051,44824862
2020-04-05 04:11:02.390877,62053,44832882
2020-04-05 04:12:02.323112,62053,44832882
2020-04-05 04:13:02.291054,62053,44832882
2020-04-05 04:14:02.213675,62053,44832882
2020-04-05 04:15:02.139478,62053,44832882
2020-04-05 04:16:02.067648,62053,44832882
2020-04-05 04:17:02.038367,62053,44832882
2020-04-05 04:18:01.956876,62053,44832882
2020-04-05 04:19:02.908578,62055,44832913
2020-04-05 04:20:02.844358,62056,44833013
2020-04-05 04:21:02.772891,62056,44833013
2020-04-05 04:22:02.732409,62058,44833133
2020-04-05 04:23:02.676057,62058,44833133
2020-04-05 04:24:02.590396,62058,44833133
2020-04-05 04:25:02.616453,62059,44833233
2020-04-05 04:26:02.582945,62059,44833233
2020-04-05 04:27:02.552679,62059,44833233
2020-04-05 04:28:02.510175,62060,44834233
2020-04-05 04:29:02.500968,62060,44834233
2020-04-05 04:30:02.431724,62061,44834247
2020-04-05 04:31:03.401907,62061,44834247
2020-04-05 04:32:02.363371,62061,44834247
2020-04-05 04:33:02.327085,62061,44834247
2020-04-05 04:34:02.253021,62061,44834247
2020-04-05 04:35:02.170535,62061,44834247
2020-04-05 04:36:02.170123,62061,44834247
2020-04-05 04:37:02.182878,62061,44834247
2020-04-05 04:38:02.121321,62061,44834247
2020-04-05 04:39:02.099476,62061,44834247
2020-04-05 04:40:02.039426,62062,44834287
2020-04-05 04:41:02.003888,62063,44834292
2020-04-05 04:42:01.934747,62063,44834292
2020-04-05 04:43:02.899287,62063,44834292
2020-04-05 04:44:02.822114,62064,44834297
2020-04-05 04:45:02.778842,62065,44834397
2020-04-05 04:46:02.729586,62066,44834405
2020-04-05 04:47:02.703015,62067,44834505
2020-04-05 04:48:02.676829,62067,44834505
2020-04-05 04:49:02.660651,62069,44835006
2020-04-05 04:50:02.594235,62069,44835006
2020-04-05 04:51:02.557607,62070,44835106
2020-04-05 04:52:02.546034,62070,44835106
2020-04-05 04:53:02.458156,62070,44835106
2020-04-05 04:54:02.400704,62070,44835106
2020-04-05 04:55:02.355639,62071,44835206
2020-04-05 04:57:02.224537,62071,44835206
2020-04-05 04:58:02.224413,62072,44835306
2020-04-05 04:59:02.178688,62072,44835306
2020-04-05 05:00:02.130250,62072,44835306
2020-04-05 05:01:02.282482,62073,44835307
2020-04-05 05:02:02.209335,62073,44835307
2020-04-05 05:03:02.167625,62073,44835307
2020-04-05 05:04:02.110415,62075,44835322
2020-04-05 05:05:02.075280,62076,44835332
2020-04-05 05:06:02.009692,62076,44835332
2020-04-05 05:07:01.938982,62076,44835332
2020-04-05 05:08:02.862318,62078,44836342
2020-04-05 05:09:02.821374,62078,44836342
2020-04-05 05:10:02.798615,62078,44836342
2020-04-05 05:11:02.770409,62079,44836542
2020-04-05 05:12:02.734089,62079,44836542
2020-04-05 05:13:02.706411,62079,44836542
2020-04-05 05:14:02.652409,62080,44837542
2020-04-05 05:15:02.561054,62081,44837547
2020-04-05 05:16:02.530846,62081,44837547
2020-04-05 05:17:02.483020,62081,44837547
2020-04-05 05:18:02.552059,62081,44837547
2020-04-05 05:19:02.473670,62082,44837647
2020-04-05 05:20:02.416556,62085,44838700
2020-04-05 05:21:02.334725,62086,44838900
2020-04-05 05:22:02.261214,62086,44838900
2020-04-05 05:23:02.180185,62086,44838900
2020-04-05 05:24:02.134491,62086,44838900
2020-04-05 05:25:02.112424,62086,44838900
2020-04-05 05:26:02.047212,62086,44838900
2020-04-05 05:27:01.997617,62086,44838900
2020-04-05 05:28:01.928854,62086,44838900
2020-04-05 05:29:02.892003,62087,44838950
2020-04-05 05:30:02.850233,62088,44839050
2020-04-05 05:31:03.011069,62088,44839050
2020-04-05 05:32:01.982805,62088,44839050
2020-04-05 05:33:01.965144,62088,44839050
2020-04-05 05:34:02.934482,62088,44839050
2020-04-05 05:35:02.881013,62088,44839050
2020-04-05 05:36:02.848353,62088,44839050
2020-04-05 05:37:02.809438,62088,44839050
2020-04-05 05:38:02.731400,62088,44839050
2020-04-05 05:39:02.709596,62088,44839050
2020-04-05 05:40:02.615086,62088,44839050
2020-04-05 05:41:02.545306,62088,44839050
2020-04-05 05:42:02.473095,62089,44839150
2020-04-05 05:43:02.432053,62089,44839150
2020-04-05 05:44:02.387942,62089,44839150
2020-04-05 05:45:02.368117,62089,44839150
2020-04-05 05:46:02.318799,62089,44839150
2020-04-05 05:47:02.292510,62089,44839150
2020-04-05 05:48:02.262139,62089,44839150
2020-04-05 05:49:02.221205,62090,44839650
2020-04-05 05:50:02.152233,62093,44842650
2020-04-05 05:51:02.176687,62093,44842650
2020-04-05 05:52:02.142461,62093,44842650
2020-04-05 05:53:02.089097,62094,44843150
2020-04-05 05:54:02.050258,62094,44843150
2020-04-05 05:55:02.002282,62094,44843150
2020-04-05 05:56:01.939285,62094,44843150
2020-04-05 05:57:02.868419,62095,44843200
2020-04-05 05:58:02.850307,62096,44843700
2020-04-05 05:59:02.918522,62096,44843700
2020-04-05 06:00:02.901118,62097,44844700
2020-04-05 06:01:03.087185,62097,44844700
2020-04-05 06:02:02.001832,62097,44844700
2020-04-05 06:03:01.962782,62097,44844700
2020-04-05 06:04:02.902231,62097,44844700
2020-04-05 06:05:02.852594,62099,44844803
2020-04-05 06:06:02.840480,62099,44844803
2020-04-05 06:07:02.764636,62099,44844803
2020-04-05 06:08:02.700761,62099,44844803
2020-04-05 06:09:02.661054,62099,44844803
2020-04-05 06:12:02.854220,62102,44845013
2020-04-05 06:13:02.805721,62103,44845113
2020-04-05 06:14:02.757111,62104,44845313
2020-04-05 06:15:02.663410,62106,44855321
2020-04-05 06:16:02.608084,62106,44855321
2020-04-05 06:17:02.547756,62106,44855321
2020-04-05 06:18:02.533467,62106,44855321
2020-04-05 06:19:02.490993,62106,44855321
2020-04-05 06:20:02.499869,62106,44855321
2020-04-05 06:21:02.480867,62107,44856321
2020-04-05 06:22:02.409032,62107,44856321
2020-04-05 06:23:02.319209,62107,44856321
2020-04-05 06:24:02.246251,62107,44856321
2020-04-05 06:25:02.222706,62108,44856400
2020-04-05 06:26:02.756385,62108,44856400
2020-04-05 06:27:02.688910,62109,44857400
2020-04-05 06:28:02.676292,62109,44857400
2020-04-05 06:29:02.648379,62109,44857400
2020-04-05 06:30:02.689645,62110,44867400
2020-04-05 06:31:02.902809,62111,44872400
2020-04-05 06:32:02.857149,62113,44873500
2020-04-05 06:33:02.801007,62113,44873500
2020-04-05 06:34:02.728275,62113,44873500
2020-04-05 06:35:02.707854,62113,44873500
2020-04-05 06:36:02.647251,62113,44873500
2020-04-05 06:37:02.624929,62113,44873500
2020-04-05 06:38:02.593433,62113,44873500
2020-04-05 06:39:02.556212,62113,44873500
2020-04-05 06:40:02.483531,62113,44873500
2020-04-05 06:41:02.461151,62116,44875100
2020-04-05 06:42:02.438521,62116,44875100
2020-04-05 06:43:02.373199,62116,44875100
2020-04-05 06:44:02.313420,62116,44875100
2020-04-05 06:45:02.270296,62116,44875100
2020-04-05 06:46:02.200868,62118,44875601
2020-04-05 06:47:02.163894,62118,44875601
2020-04-05 06:48:02.123040,62118,44875601
2020-04-05 06:49:02.090306,62118,44875601
2020-04-05 06:50:02.053548,62120,44876611
2020-04-05 06:51:01.994274,62121,44877111
2020-04-05 06:52:01.975176,62121,44877111
2020-04-05 06:53:02.918179,62121,44877111
2020-04-05 06:54:02.851598,62121,44877111
2020-04-05 06:55:02.827518,62123,44877113
2020-04-05 06:56:02.767879,62125,44878613
2020-04-05 06:57:02.752269,62125,44878613
2020-04-05 06:58:02.727921,62127,44883614
2020-04-05 06:59:02.878234,62128,44883714
2020-04-05 07:00:02.864399,62129,44883754
2020-04-05 07:01:02.830293,62131,44894854
2020-04-05 07:02:02.751643,62131,44894854
2020-04-05 07:03:02.723217,62131,44894854
2020-04-05 07:04:02.686369,62131,44894854
2020-04-05 07:05:02.652904,62131,44894854
2020-04-05 07:06:02.588339,62132,44895354
2020-04-05 07:07:02.545637,62132,44895354
2020-04-05 07:08:02.474552,62132,44895354
2020-04-05 07:09:02.469070,62132,44895354
2020-04-05 07:10:02.445176,62132,44895354
2020-04-05 07:11:02.362383,62132,44895354
2020-04-05 07:12:02.339383,62132,44895354
2020-04-05 07:13:02.297142,62134,44898374
2020-04-05 07:14:02.231427,62135,44898384
2020-04-05 07:15:02.188795,62135,44898384
2020-04-05 07:16:02.326315,62136,44898884
2020-04-05 07:17:02.287606,62136,44898884
2020-04-05 07:18:02.253094,62138,44899334
2020-04-05 07:19:02.187113,62138,44899334
2020-04-05 07:20:02.140310,62138,44899334
2020-04-05 07:21:02.108881,62139,44899534
2020-04-05 07:22:02.120998,62139,44899534
2020-04-05 07:23:02.088322,62139,44899534
2020-04-05 07:24:02.016029,62139,44899534
2020-04-05 07:25:01.982139,62139,44899534
2020-04-05 07:26:01.916102,62140,44899584
2020-04-05 07:27:02.882070,62140,44899584
2020-04-05 07:28:02.841372,62142,44900784
2020-04-05 07:29:02.982528,62144,44902284
2020-04-05 07:30:01.968268,62146,44904384
2020-04-05 07:31:02.955625,62146,44904384
2020-04-05 07:32:02.937090,62146,44904384
2020-04-05 07:33:02.859870,62146,44904384
2020-04-05 07:34:02.795441,62150,44909594
2020-04-05 07:35:02.747425,62151,44909694
2020-04-05 07:36:02.702071,62153,44914794
2020-04-05 07:37:02.670331,62153,44914794
2020-04-05 07:38:02.663575,62153,44914794
2020-04-05 07:39:02.623742,62156,44915594
2020-04-05 07:40:02.542108,62157,44915694
2020-04-05 07:41:02.630623,62157,44915694
2020-04-05 07:42:02.565211,62157,44915694
2020-04-05 07:43:02.519413,62162,44917854
2020-04-05 07:44:02.515576,62165,44921854
2020-04-05 07:45:02.591187,62166,44921859
2020-04-05 07:46:02.546642,62168,44922259
2020-04-05 07:47:02.677607,62168,44922259
2020-04-05 07:48:02.631887,62171,44924509
2020-04-05 07:49:02.641804,62172,44924609
2020-04-05 07:50:02.599539,62172,44924609
2020-04-05 07:51:02.616949,62172,44924609
2020-04-05 07:52:02.609280,62172,44924609
2020-04-05 07:53:02.567788,62173,44925384
2020-04-05 07:54:02.565828,62173,44925384
2020-04-05 07:55:02.487294,62173,44925384
2020-04-05 07:56:02.459687,62174,44925634
2020-04-05 07:57:02.386141,62174,44925634
2020-04-05 07:58:02.543701,62176,44925734
2020-04-05 07:59:02.682405,62176,44925734
2020-04-05 08:00:02.680934,62177,44925754
2020-04-05 08:01:02.639608,62178,44925755
2020-04-05 08:02:02.563827,62178,44925755
2020-04-05 08:03:02.501870,62179,44925765
2020-04-05 08:04:02.440012,62180,44925965
2020-04-05 08:05:02.404277,62181,44926015
2020-04-05 08:06:02.325185,62183,44926116
2020-04-05 08:07:02.282725,62183,44926116
2020-04-05 08:08:02.254368,62186,44927266
2020-04-05 08:09:02.196630,62189,44929376
2020-04-05 08:10:02.264870,62189,44929376
2020-04-05 08:11:02.173558,62191,44929526
2020-04-05 08:12:02.195008,62191,44929526
2020-04-05 08:13:02.129962,62192,44929626
2020-04-05 08:14:02.119432,62194,44929756
2020-04-05 08:15:02.107759,62194,44929756
2020-04-05 08:16:02.042735,62195,44929956
2020-04-05 08:17:01.960844,62197,44930206
2020-04-05 08:18:02.901473,62197,44930206
2020-04-05 08:19:02.864477,62197,44930206
2020-04-05 08:20:02.827987,62198,44930221
2020-04-05 08:21:02.769167,62202,44936531
2020-04-05 08:22:02.747938,62205,44936553
2020-04-05 08:23:02.821790,62205,44936553
2020-04-05 08:24:02.803178,62206,44939553
2020-04-05 08:25:02.725064,62206,44939553
2020-04-05 08:26:02.692771,62207,44939753
2020-04-05 08:27:02.809590,62209,44939788
2020-04-05 08:28:02.773449,62209,44939788
2020-04-05 08:29:02.949631,62212,44941388
2020-04-05 08:30:02.873889,62212,44941388
2020-04-05 08:31:03.081895,62215,44943588
2020-04-05 08:32:02.008457,62215,44943588
2020-04-05 08:33:01.958581,62215,44943588
2020-04-05 08:34:03.119049,62215,44943588
2020-04-05 08:35:02.097242,62220,44947718
2020-04-05 08:36:02.051058,62220,44947718
2020-04-05 08:37:01.954966,62220,44947718
2020-04-05 08:38:02.934827,62220,44947718
2020-04-05 08:39:02.880781,62223,44958223
2020-04-05 08:40:02.812458,62227,44961373
2020-04-05 08:41:02.750036,62229,44971473
2020-04-05 08:42:02.723074,62229,44971473
2020-04-05 08:43:02.690816,62230,44971523
2020-04-05 08:44:02.627603,62231,44971623
2020-04-05 08:45:02.567117,62232,44972123
2020-04-05 08:46:02.622198,62232,44972123
2020-04-05 08:47:02.580254,62234,44972373
2020-04-05 08:48:02.545169,62235,44972473
2020-04-05 08:49:02.541213,62238,44988473
2020-04-05 08:50:02.444643,62240,44989573
2020-04-05 08:51:02.357655,62241,44989623
2020-04-05 08:52:02.299511,62242,44989673
2020-04-05 08:53:02.260446,62242,44989673
2020-04-05 08:54:02.192180,62245,44990023
2020-04-05 08:55:02.150305,62247,44990163
2020-04-05 08:56:02.120110,62247,44990163
2020-04-05 08:57:02.078948,62249,44990188
2020-04-05 08:58:02.040100,62251,44991189
2020-04-05 08:59:02.066585,62251,44991189
2020-04-05 09:00:01.996787,62251,44991189
2020-04-05 09:01:01.958666,62255,44996792
2020-04-05 09:02:02.908074,62258,45014792
2020-04-05 09:03:02.868101,62261,45020892
2020-04-05 09:04:02.839285,62263,45021992
2020-04-05 09:05:02.811791,62265,45022292
2020-04-05 09:06:02.778272,62266,45023292
2020-04-05 09:07:02.731845,62268,45024302
2020-04-05 09:08:02.698989,62270,45024407
2020-04-05 09:09:02.663512,62270,45024407
2020-04-05 09:10:02.585331,62272,45025007
2020-04-05 09:11:02.551733,62272,45025007
2020-04-05 09:12:02.488815,62275,45026607
2020-04-05 09:13:02.423835,62277,45028707
2020-04-05 09:14:02.343144,62277,45028707
2020-04-05 09:15:02.257947,62278,45028907
2020-04-05 09:16:02.224247,62280,45029412
2020-04-05 09:17:02.178528,62282,45029667
2020-04-05 09:18:02.213029,62282,45029667
2020-04-05 09:19:02.190382,62284,45029897
2020-04-05 09:20:02.104804,62284,45029897
2020-04-05 09:21:02.069225,62284,45029897
2020-04-05 09:22:01.987954,62285,45030197
2020-04-05 09:23:01.919727,62288,45030527
2020-04-05 09:24:03.060851,62291,45031227
2020-04-05 09:25:02.028573,62294,45041252
2020-04-05 09:26:01.964653,62294,45041252
2020-04-05 09:27:02.915056,62296,45041782
2020-04-05 09:28:02.898285,62298,45047782
2020-04-05 09:29:02.868825,62299,45047982
2020-04-05 09:30:02.846563,62303,45055184
2020-04-05 09:31:02.752009,62305,45060284
2020-04-05 09:32:02.737286,62308,45061534
2020-04-05 09:33:02.676099,62309,45061538
2020-04-05 09:34:02.600047,62310,45062538
2020-04-05 09:35:02.516971,62313,45063590
2020-04-05 09:36:02.463703,62314,45064040
2020-04-05 09:37:02.384014,62316,45065140
2020-04-05 09:38:02.815637,62319,45067170
2020-04-05 09:39:02.762147,62320,45077170
2020-04-05 09:40:02.977398,62322,45077720
2020-04-05 09:41:02.963414,62324,45078803
2020-04-05 09:42:02.941908,62327,45083153
2020-04-05 09:43:02.899358,62327,45083153
2020-04-05 09:44:02.814296,62327,45083153
2020-04-05 09:45:02.747933,62332,45085253
2020-04-05 09:46:02.711065,62332,45085253
2020-04-05 09:47:02.665113,62335,45085559
2020-04-05 09:48:02.717696,62336,45086559
2020-04-05 09:49:02.686055,62339,45089959
2020-04-05 09:50:02.614115,62341,45090359
2020-04-05 09:51:02.575624,62343,45090660
2020-04-05 09:52:02.538534,62343,45090660
2020-04-05 09:53:02.542799,62347,45092360
2020-04-05 09:54:02.829830,62350,45092885
2020-04-05 09:55:02.804053,62352,45093086
2020-04-05 09:56:02.784213,62355,45095386
2020-04-05 09:57:02.733057,62356,45095586
2020-04-05 09:59:02.821605,62362,45098046
2020-04-05 10:00:02.945766,62364,45098446
2020-04-05 10:01:02.057264,62371,45101806
2020-04-05 10:02:02.095475,62371,45101806
2020-04-05 10:03:02.203977,62374,45102406
2020-04-05 10:04:02.269043,62378,45104606
2020-04-05 10:05:02.353972,62380,45107106
2020-04-05 10:06:02.438240,62383,45110906
2020-04-05 10:07:02.387936,62383,45110906
2020-04-05 10:08:02.308346,62389,45113756
2020-04-05 10:09:02.304968,62391,45114656
2020-04-05 10:10:02.216513,62393,45115676
2020-04-05 10:11:02.183309,62404,45125456
2020-04-05 10:12:02.111806,62404,45125456
2020-04-05 10:13:02.060759,62407,45125806
2020-04-05 10:14:02.023604,62409,45126806
2020-04-05 10:15:02.067545,62411,45127037
2020-04-05 10:16:02.176871,62415,45131037
2020-04-05 10:17:02.239205,62415,45131037
2020-04-05 10:18:02.310540,62417,45131637
2020-04-05 10:19:02.241959,62418,45131687
2020-04-05 10:21:02.153403,62425,45133437
2020-04-05 10:22:02.178660,62425,45133437
2020-04-05 10:23:02.112626,62430,45135557
2020-04-05 10:24:02.369682,62434,45144558
2020-04-05 10:25:02.340894,62436,45144759
2020-04-05 10:26:02.275441,62444,45146700
2020-04-05 10:27:02.276189,62444,45146700
2020-04-05 10:28:02.259715,62445,45146702
2020-04-05 10:29:02.227601,62450,45147422
2020-04-05 10:30:02.251963,62451,45147522
2020-04-05 10:31:02.165088,62459,45150672
2020-04-05 10:32:02.134863,62459,45150672
2020-04-05 10:33:02.090298,62461,45150835
2020-04-05 10:34:02.073632,62465,45151185
2020-04-05 10:35:02.035281,62469,45152736
2020-04-05 10:36:02.035784,62475,45162186
2020-04-05 10:37:01.985158,62475,45162186
2020-04-05 10:38:01.923576,62478,45162431
2020-04-05 10:39:02.835825,62482,45166181
2020-04-05 10:40:02.809883,62482,45166181
2020-04-05 10:41:02.828714,62494,45195141
2020-04-05 10:42:02.763350,62494,45195141
2020-04-05 10:43:02.727691,62497,45197741
2020-04-05 10:44:03.110829,62501,45198813
2020-04-05 10:45:02.085305,62504,45199338
2020-04-05 10:46:02.061226,62513,45201438
2020-04-05 10:47:02.026354,62513,45201438
2020-04-05 10:48:02.044544,62515,45204588
2020-04-05 10:49:02.010320,62515,45204588
2020-04-05 10:50:01.953860,62522,45209869
2020-04-05 10:51:02.906671,62525,45210219
2020-04-05 10:52:02.865281,62525,45210219
2020-04-05 10:53:02.908389,62529,45211470
2020-04-05 10:54:03.100169,62531,45216480
2020-04-05 10:55:02.033151,62543,45224388
2020-04-05 10:56:02.021621,62544,45224488
2020-04-05 10:57:01.946006,62544,45224488
2020-04-05 10:58:02.872496,62545,45224498
2020-04-05 10:59:02.851489,62548,45224708
2020-04-05 11:00:02.773015,62555,45228230
2020-04-05 11:01:02.734589,62559,45228406
2020-04-05 11:02:02.684281,62559,45228406
2020-04-05 11:03:02.627776,62562,45229511
2020-04-05 11:04:02.560944,62564,45229811
2020-04-05 11:05:02.627939,62569,45234611
2020-04-05 11:06:02.665981,62574,45254744
2020-04-05 11:07:02.627056,62574,45254744
2020-04-05 11:08:02.546376,62580,45258744
2020-04-05 11:09:02.546845,62582,45283944
2020-04-05 11:10:02.696228,62587,45314844
2020-04-05 11:11:02.712659,62588,45314849
2020-04-05 11:12:02.676311,62588,45314849
2020-04-05 11:13:02.713030,62593,45316599
2020-04-05 11:14:02.864853,62598,45322522
2020-04-05 11:15:02.834079,62603,45324272
2020-04-05 11:16:02.774623,62605,45334273
2020-04-05 11:17:02.852049,62605,45334273
2020-04-05 11:18:02.830651,62611,45334554
2020-04-05 11:19:02.793908,62612,45334614
2020-04-05 11:20:02.744953,62618,45341514
2020-04-05 11:21:02.681573,62619,45342014
2020-04-05 11:22:02.740036,62619,45342014
2020-04-05 11:23:02.667250,62620,45347014
2020-04-05 11:24:02.873972,62626,45383824
2020-04-05 11:25:02.833808,62630,45434164
2020-04-05 11:26:02.805631,62630,45434164
2020-04-05 11:27:02.713790,62630,45434164
2020-04-05 11:28:02.645601,62634,45436364
2020-04-05 11:29:02.676752,62638,45438414
2020-04-05 11:30:02.660034,62639,45438514
2020-04-05 11:31:02.594073,62641,45441514
2020-04-05 11:32:02.706111,62641,45441514
2020-04-05 11:33:02.654811,62642,45441714
2020-04-05 11:34:02.634823,62643,45441814
2020-04-05 11:35:02.615507,62648,45443994
2020-04-05 11:36:02.722961,62655,45448974
2020-04-05 11:37:02.643163,62655,45448974
2020-04-05 11:38:02.614937,62657,45450074
2020-04-05 11:39:02.589172,62661,45452575
2020-04-05 11:40:02.514450,62672,45464536
2020-04-05 11:41:02.521305,62675,45465626
2020-04-05 11:42:02.458346,62675,45465626
2020-04-05 11:43:02.376441,62680,45465947
2020-04-05 11:44:02.286198,62691,45468597
2020-04-05 11:45:02.263543,62696,45469827
2020-04-05 11:47:02.087597,62704,45495697
2020-04-05 11:48:02.007084,62704,45495697
2020-04-05 11:49:02.012290,62716,45600712
2020-04-05 11:50:02.014548,62718,45600912
2020-04-05 11:51:01.969130,62722,45602115
2020-04-05 11:52:02.899672,62722,45602115
2020-04-05 11:53:02.886270,62727,45607375
2020-04-05 11:54:03.070194,62734,45610645
2020-04-05 11:55:01.990601,62739,45611756
2020-04-05 11:56:01.954550,62743,45613058
2020-04-05 11:57:02.914790,62743,45613058
2020-04-05 11:58:02.856024,62746,45613388
2020-04-05 11:59:02.794892,62758,45627505
2020-04-05 12:00:02.741959,62761,45628721
2020-04-05 12:01:02.704694,62765,45630351
2020-04-05 12:02:02.664993,62765,45630351
2020-04-05 12:03:02.801325,62766,45631351
2020-04-05 12:04:02.739950,62783,45641375
2020-04-05 12:05:02.693637,62786,45641885
2020-04-05 12:06:02.663633,62789,45642490
2020-04-05 12:07:02.707401,62789,45642490
2020-04-05 12:08:02.656014,62791,45642790
2020-04-05 12:09:02.706915,62803,45648442
2020-04-05 12:10:02.698630,62806,45659492
2020-04-05 12:11:02.612806,62813,45694542
2020-04-05 12:12:02.587717,62813,45694542
2020-04-05 12:13:02.548878,62814,45694642
2020-04-05 12:14:02.495900,62819,45697052
2020-04-05 12:15:02.451997,62823,45699352
2020-04-05 12:16:02.396754,62825,45699652
2020-04-05 12:17:02.330915,62825,45699652
2020-04-05 12:19:02.151205,62836,45704032
2020-04-05 12:20:02.124729,62839,45707582
2020-04-05 12:21:02.106895,62843,45708132
2020-04-05 12:22:02.031018,62843,45708132
2020-04-05 12:23:01.973558,62843,45708132
2020-04-05 12:24:03.274219,62853,45809769
2020-04-05 12:25:02.241963,62862,45810247
2020-04-05 12:26:02.300408,62871,45818380
2020-04-05 12:27:02.235087,62871,45818380
2020-04-05 12:28:02.209218,62877,45830295
2020-04-05 12:29:02.233365,62893,45842787
2020-04-05 12:30:02.187913,62897,45844517
2020-04-05 12:31:02.187267,62904,45846687
2020-04-05 12:32:02.169121,62904,45846687
2020-04-05 12:33:02.192731,62913,45861157
2020-04-05 12:34:02.180559,62922,45863162
2020-04-05 12:35:02.134984,62927,45865582
2020-04-05 12:36:02.079768,62933,45876159
2020-04-05 12:37:02.055568,62933,45876159
2020-04-05 12:38:02.057650,62941,45878999
2020-04-05 12:39:02.021841,62945,45879804
2020-04-05 12:40:01.967781,62950,45885874
2020-04-05 12:41:03.094423,62958,45887590
2020-04-05 12:42:02.056574,62958,45887590
2020-04-05 12:43:02.019944,62965,45901269
2020-04-05 12:44:02.018650,62970,45902088
2020-04-05 12:45:02.051987,62979,45907650
2020-04-05 12:46:02.077029,62986,45912755
2020-04-05 12:47:02.012387,62986,45912755
2020-04-05 12:48:01.957462,63002,45929511
2020-04-05 12:49:02.973170,63006,45930632
2020-04-05 12:50:02.977257,63011,45932432
2020-04-05 12:51:01.982625,63015,45947647
2020-04-05 12:52:01.919090,63015,45947647
2020-04-05 12:53:02.929077,63020,45948660
2020-04-05 12:54:03.116154,63024,45948885
2020-04-05 12:55:02.080193,63028,45951095
2020-04-05 12:56:02.067190,63035,46104055
2020-04-05 12:57:02.238363,63035,46104055
2020-04-05 12:58:02.212754,63052,46128125
2020-04-05 12:59:03.307025,63058,46133410
2020-04-05 13:00:02.238983,63061,46134440
2020-04-05 13:01:02.230413,63068,46153040
2020-04-05 13:02:02.176589,63068,46153040
2020-04-05 13:03:02.102150,63083,46179085
2020-04-05 13:04:02.066074,63089,46196597
2020-04-05 13:05:02.025325,63094,46236657
2020-04-05 13:06:01.977911,63098,46241657
2020-04-05 13:07:01.904196,63098,46241657
2020-04-05 13:08:02.904217,63105,46244967
2020-04-05 13:09:03.181156,63110,46251577
2020-04-05 13:10:02.160414,63115,46257387
2020-04-05 13:11:02.096941,63127,46273083
2020-04-05 13:12:02.077892,63127,46273083
2020-04-05 13:13:02.049439,63143,46282716
2020-04-05 13:14:02.007862,63147,46293461
2020-04-05 13:15:01.949753,63150,46295061
2020-04-05 13:16:02.942924,63157,46299147
2020-04-05 13:17:02.930289,63157,46299147
2020-04-05 13:18:02.911682,63165,46309878
2020-04-05 13:19:02.858028,63168,46310438
2020-04-05 13:20:02.808736,63176,46311828
2020-04-05 13:21:02.830044,63181,46330241
2020-04-05 13:22:02.914894,63181,46330241
2020-04-05 13:23:02.914686,63191,46340771
2020-04-05 13:24:03.126539,63198,46341261
2020-04-05 13:25:02.159906,63204,46342581
2020-04-05 13:26:02.216201,63209,46346017
2020-04-05 13:27:02.207091,63209,46346017
2020-04-05 13:28:02.254716,63221,46348175
2020-04-05 13:29:02.298940,63226,46349711
2020-04-05 13:30:02.347537,63236,46351820
2020-04-05 13:31:02.291404,63240,46352042
2020-04-05 13:32:02.272100,63240,46352042
2020-04-05 13:33:02.281970,63247,46358469
2020-04-05 13:34:02.478183,63250,46358719
2020-04-05 13:35:02.506625,63256,46359968
2020-04-05 13:36:02.619270,63264,46366128
2020-04-05 13:37:02.683557,63264,46366128
2020-04-05 13:38:02.728876,63270,46369703
2020-04-05 13:39:02.876288,63273,46371223
2020-04-05 13:40:02.858547,63278,46372633
2020-04-05 13:41:02.815241,63281,46372803
2020-04-05 13:42:02.827531,63281,46372803
2020-04-05 13:43:02.822305,63291,46374158
2020-04-05 13:44:02.885891,63301,46378913
2020-04-05 13:45:02.873914,63305,46415213
2020-04-05 13:46:02.862503,63310,46421333
2020-04-05 13:47:02.871774,63318,46428534
2020-04-05 13:48:02.957119,63319,46428584
2020-04-05 13:49:02.934880,63324,46428985
2020-04-05 13:50:02.929529,63328,46436045
2020-04-05 13:51:03.022703,63335,46439040
2020-04-05 13:52:02.000089,63341,46440141
2020-04-05 13:53:01.986295,63343,46440891
2020-04-05 13:54:02.049641,63348,46449391
2020-04-05 13:55:02.222768,63351,46483391
2020-04-05 13:56:08.335370,63355,46484115
2020-04-05 13:57:02.398745,63355,46484115
2020-04-05 13:58:02.453389,63359,46485497
2020-04-05 13:59:02.459899,63361,46485597
2020-04-05 14:00:02.691969,63366,46487307
2020-04-05 14:01:02.710743,63372,46488686
2020-04-05 14:02:02.779294,63377,46491540
2020-04-05 14:03:02.862759,63383,46493030
2020-04-05 14:04:02.938686,63386,46493430
2020-04-05 14:05:02.936273,63391,46511053
2020-04-05 14:06:02.966478,63397,46550683
2020-04-05 14:07:01.991191,63406,46558284
2020-04-05 14:08:02.048495,63412,46569484
2020-04-05 14:09:02.075699,63418,46570342
2020-04-05 14:10:02.084236,63427,46578092
2020-04-05 14:11:02.109419,63432,46579712
2020-04-05 14:12:02.088395,63439,46581517
2020-04-05 14:13:02.079939,63440,46581717
2020-04-05 14:14:02.041065,63446,46593733
2020-04-05 14:15:02.034540,63451,46600533
2020-04-05 14:16:02.038011,63457,46601344
2020-04-05 14:17:02.012392,63460,46612349
2020-04-05 14:18:02.105942,63464,46612649
2020-04-05 14:19:02.153010,63467,46612809
2020-04-05 14:20:02.174157,63472,46614921
2020-04-05 14:21:02.404829,63474,46615922
2020-04-05 14:22:02.476218,63478,46617073
2020-04-05 14:23:02.483559,63482,46618083
2020-04-05 14:24:02.450815,63488,46619309
2020-04-05 14:25:02.395846,63493,46627313
2020-04-05 14:26:02.392414,63495,46627613
2020-04-05 14:27:02.380511,63501,46639113
2020-04-05 14:28:02.449926,63513,46662793
2020-04-05 14:29:02.429039,63517,46693893
2020-04-05 14:30:02.395028,63521,46695153
2020-04-05 14:31:02.342730,63523,46697183
2020-04-05 14:32:02.368423,63525,46697293
2020-04-05 14:33:02.398955,63528,46698498
2020-04-05 14:34:02.416535,63535,46703648
2020-04-05 14:35:02.429218,63538,46704298
2020-04-05 14:36:02.446677,63545,46705949
2020-04-05 14:37:02.407170,63548,46708949
2020-04-05 14:38:02.718436,63551,46712549
2020-04-05 14:39:02.996677,63553,46713149
2020-04-05 14:40:02.675793,63558,46713901
2020-04-05 14:42:02.182661,63564,46715557
2020-04-05 14:43:02.421877,63566,46716657
2020-04-05 14:44:03.352741,63568,46717557
2020-04-05 14:45:03.062276,63576,46729573
2020-04-05 14:46:02.546688,63577,46729873
2020-04-05 14:47:03.206869,63581,46730583
2020-04-05 14:48:02.591766,63585,46730953
2020-04-05 14:49:02.872516,63589,46743953
2020-04-05 14:50:03.011429,63592,46769463
2020-04-05 14:51:02.453721,63595,46769713
2020-04-05 14:52:02.862475,63595,46769713
2020-04-05 14:53:03.346034,63600,46786963
2020-04-05 14:54:02.561566,63608,46790031
2020-04-05 14:55:02.948517,63611,46791131
2020-04-05 14:56:03.230204,63611,46791131
2020-04-05 14:57:02.497749,63622,46796146
2020-04-05 14:58:02.647913,63625,46797646
2020-04-05 14:59:02.947617,63630,46806846
2020-04-05 15:00:03.206614,63637,46808757
2020-04-05 15:01:02.604892,63637,46808757
2020-04-05 15:02:02.947001,63643,46814107
2020-04-05 15:03:03.206762,63649,46820871
2020-04-05 15:04:02.611569,63654,46821536
2020-04-05 15:05:02.917340,63672,46838716
2020-04-05 15:06:03.185287,63672,46838716
2020-04-05 15:07:02.362602,63677,46840331
2020-04-05 15:08:02.726611,63681,46841941
2020-04-05 15:09:02.974114,63686,46843155
2020-04-05 15:10:02.354410,63698,46847783
2020-04-05 15:11:02.487393,63698,46847783
2020-04-05 15:12:02.798934,63701,46848086
2020-04-05 15:13:03.147752,63703,46849201
2020-04-05 15:14:02.366456,63710,46852136
2020-04-05 15:15:02.657482,63718,46853653
2020-04-05 15:16:03.006769,63718,46853653
2020-04-05 15:17:02.252304,63725,46859909
2020-04-05 15:18:02.489405,63727,46860059
2020-04-05 15:19:02.977507,63729,46860859
2020-04-05 15:20:02.249884,63739,46991090
2020-04-05 15:21:02.748803,63739,46991090
2020-04-05 15:22:03.720190,63743,46997200
2020-04-05 15:23:03.186766,63752,46998397
2020-04-05 15:24:02.525249,63756,46998513
2020-04-05 15:25:02.813011,63770,47011262
2020-04-05 15:26:03.119116,63770,47011262
2020-04-05 15:27:02.346449,63773,47011863
2020-04-05 15:28:02.651744,63776,47013163
2020-04-05 15:29:02.943240,63781,47014514
2020-04-05 15:30:03.223167,63790,47015300
2020-04-05 15:31:02.570943,63790,47015300
2020-04-05 15:32:02.753810,63797,47017602
2020-04-05 15:33:03.109646,63803,47017832
2020-04-05 15:34:07.062063,63806,47028032
2020-04-05 15:35:07.997905,63815,47030592
2020-04-05 15:36:05.252390,63815,47030592
2020-04-05 15:37:06.095385,63822,47033012
2020-04-05 15:38:05.585601,63826,47043523
2020-04-05 15:39:05.723171,63831,47045171
2020-04-05 15:40:05.409722,63840,47146931
2020-04-05 15:41:05.374340,63840,47146931
2020-04-05 15:42:06.742676,63847,47147336
2020-04-05 15:43:05.762482,63850,47148361
2020-04-05 15:44:05.604047,63857,47151718
2020-04-05 15:45:02.840592,63863,47169742
2020-04-05 15:46:03.010036,63863,47169742
2020-04-05 15:47:02.063788,63867,47173242
2020-04-05 15:48:02.141045,63870,47175742
2020-04-05 15:49:02.193740,63883,47179132
2020-04-05 15:50:02.256492,63885,47179532
2020-04-05 15:51:02.589062,63885,47179532
2020-04-05 15:52:02.628903,64791,47190947
2020-04-05 15:53:02.688949,66250,47226834
2020-04-05 15:54:02.755748,68394,47262249
2020-04-05 15:55:02.800812,69859,47285320
2020-04-05 15:56:02.926577,69859,47285320
2020-04-05 15:57:02.979054,71297,47302595
2020-04-05 15:58:02.137438,72873,47334317
2020-04-05 15:59:02.246788,75962,47382408
2020-04-05 16:00:02.444963,77560,47403925
2020-04-05 16:01:02.531379,77560,47403925
2020-04-05 16:02:02.563470,78146,47416083
2020-04-05 16:03:02.654152,78190,47419158
2020-04-05 16:04:02.775563,78279,47443115
2020-04-05 16:05:02.866567,78302,47445409
2020-04-05 16:06:02.891868,78302,47445409
2020-04-05 16:07:02.922285,78334,47449204
2020-04-05 16:08:02.978161,78361,47458862
2020-04-05 16:09:01.991489,78425,47467014
2020-04-05 16:10:02.448568,78482,47469951
2020-04-05 16:11:02.492060,78482,47469951
2020-04-05 16:12:02.504057,78519,47499822
2020-04-05 16:13:02.514942,78585,47504841
2020-04-05 16:14:02.575470,78642,47507510
2020-04-05 16:15:02.588109,78679,47508083
2020-04-05 16:16:02.641351,78679,47508083
2020-04-05 16:17:02.664515,78716,47511355
2020-04-05 16:18:02.738249,78778,47514205
2020-04-05 16:19:02.743731,78814,47515671
2020-04-05 16:20:02.770884,78839,47517501
2020-04-05 16:21:03.002808,78839,47517501
2020-04-05 16:22:02.042097,78867,47564103
2020-04-05 16:23:02.156355,78898,47564448
2020-04-05 16:24:02.150004,78946,47565858
2020-04-05 16:25:02.141260,78968,47567697
2020-04-05 16:26:02.228786,78968,47567697
2020-04-05 16:27:02.214471,78994,47573821
2020-04-05 16:33:02.968821,79266,47629561
2020-04-05 16:34:03.020413,79336,47633172
2020-04-05 16:35:01.960307,79456,47637682
2020-04-05 16:36:02.903247,79456,47637682
2020-04-05 16:37:02.874894,79490,47639292
2020-04-05 16:38:02.936546,79524,47641115
2020-04-05 16:44:02.609609,79746,47665339
2020-04-05 16:45:02.609793,79798,47681358
2020-04-05 16:51:02.381467,80018,47725917
2020-04-05 16:52:02.350998,80066,47761062
2020-04-05 16:53:02.364731,80154,47775992
2020-04-05 16:54:02.350080,80250,47783317
2020-04-05 16:55:02.318529,80345,47787062
2020-04-05 16:56:02.270627,80418,47789718
2020-04-05 16:57:02.227529,80467,47792615
2020-04-05 16:58:02.184216,80515,47798174
2020-04-05 16:59:02.217142,80555,47801357
2020-04-05 17:00:02.209738,80595,47824045
2020-04-05 17:01:02.168431,80624,47875074
2020-04-05 17:02:02.289736,80656,47878884
2020-04-05 17:03:02.318031,80685,47896261
2020-04-05 17:04:02.325050,80725,47897327
2020-04-05 17:05:02.309821,80763,47899131
2020-04-05 17:06:02.313556,80800,47899924
2020-04-05 17:07:02.242726,80844,47905593
2020-04-05 17:08:02.207899,80876,47905941
2020-04-05 17:09:02.145547,80910,47909832
2020-04-05 17:10:02.139444,80966,47912263
2020-04-05 17:11:02.087024,81037,47920633
2020-04-05 17:12:02.036992,81118,47926109
2020-04-05 17:13:01.985973,81202,47928449
2020-04-05 17:14:02.011662,81272,47929592
2020-04-05 17:15:01.993084,81330,47931235
2020-04-05 17:16:01.965842,81381,47938554
2020-04-05 17:17:02.930529,81427,47939186
2020-04-05 17:18:02.955611,81469,47942016
2020-04-05 17:19:02.932227,81498,47942557
2020-04-05 17:20:02.929516,81574,47949769
2020-04-05 17:21:03.161530,81574,47949769
2020-04-05 17:22:02.113773,81605,47957589
2020-04-05 17:23:02.106587,81642,47961466
2020-04-05 17:24:02.084704,81682,47962343
2020-04-05 17:25:02.097565,81756,47965255
2020-04-05 17:26:02.081739,81756,47965255
2020-04-05 17:27:02.081750,81789,47973117
2020-04-05 17:28:02.043419,81827,47977756
2020-04-05 17:29:02.238322,81847,47984571
2020-04-05 17:30:02.292045,81913,47994323
2020-04-05 17:31:02.260251,81913,47994323
2020-04-05 17:32:02.242305,81945,47996049
2020-04-05 17:33:02.239947,81968,48024835
2020-04-05 17:34:02.184371,81996,48026395
2020-04-05 17:35:02.139097,82054,48034111
2020-04-05 17:36:02.092946,82054,48034111
2020-04-05 17:37:02.026135,82095,48036454
2020-04-05 17:38:02.271591,82122,48038871
2020-04-05 17:39:02.375153,82146,48043666
2020-04-05 17:45:02.916254,82354,48062205
2020-04-05 17:46:02.992508,82385,48063221
2020-04-05 17:47:02.060160,82385,48063221
2020-04-05 17:48:04.147435,82411,48065655
2020-04-05 17:49:02.194069,82437,48072968
2020-04-05 17:50:02.230857,82491,48105444
2020-04-05 17:51:02.223963,82509,48106383
2020-04-05 17:53:02.390820,82530,48108726
2020-04-05 17:54:02.411252,82550,48117329
2020-04-05 17:55:02.617656,82610,48141408
2020-04-05 17:56:02.679212,82634,48142155
2020-04-05 17:57:02.780199,82634,48142155
2020-04-05 17:58:02.800825,82667,48143647
2020-04-05 17:59:02.880087,82696,48146696
2020-04-05 18:00:02.956575,82744,48147907
2020-04-05 18:01:01.973800,82764,48148457
2020-04-05 18:02:02.230096,82764,48148457
2020-04-05 18:03:02.232421,82786,48150611
2020-04-05 18:04:02.229483,82809,48202015
2020-04-05 18:05:02.269438,82855,48214106
2020-04-05 18:06:02.314750,82883,48224738
2020-04-05 18:07:02.359731,82883,48224738
2020-04-05 18:08:02.360525,82906,48232388
2020-04-05 18:09:02.404550,82927,48233868
2020-04-05 18:10:02.360549,82962,48239149
2020-04-05 18:11:04.583510,82987,48240486
2020-04-05 18:12:02.711174,82987,48240486
2020-04-05 18:13:02.855741,83008,48240886
2020-04-05 18:14:03.059107,83031,48249975
2020-04-05 18:15:02.202144,83067,48253580
2020-04-05 18:16:02.317144,83080,48253804
2020-04-05 18:17:02.392002,83080,48253804
2020-04-05 18:18:02.488297,83096,48253939
2020-04-05 18:19:02.615657,83121,48272547
2020-04-05 18:20:02.970861,83168,48292197
2020-04-05 18:21:02.160598,83168,48292197
2020-04-05 18:22:02.298431,83183,48298072
2020-04-05 18:23:02.556434,83208,48303953
2020-04-05 18:24:02.648351,83225,48305426
2020-04-05 18:25:02.738122,83264,48313628
2020-04-05 18:26:02.881969,83264,48313628
2020-04-05 18:27:02.968971,83283,48326450
2020-04-05 18:28:03.044230,83310,48330145
2020-04-05 18:29:02.140003,83341,48334371
2020-04-05 18:30:02.164515,83381,48342825
2020-04-05 18:31:02.135638,83381,48342825
2020-04-05 18:32:02.398212,83406,48344347
2020-04-05 18:33:02.561128,83429,48345001
2020-04-05 18:34:02.545974,83448,48346856
2020-04-05 18:35:02.579848,83480,48350379
2020-04-05 18:36:02.692880,83480,48350379
2020-04-05 18:37:02.791015,83494,48352593
2020-04-05 18:38:02.883503,83517,48355902
2020-04-05 18:39:02.936044,83556,48363085
2020-04-05 18:40:02.923968,83576,48364750
2020-04-05 18:41:02.886976,83588,48366932
2020-04-05 18:42:02.871958,83588,48366932
2020-04-05 18:43:02.903972,83606,48368193
2020-04-05 18:44:02.969648,83638,48374544
2020-04-05 18:45:02.013557,83660,48375774
2020-04-05 18:46:02.038973,83683,48379690
2020-04-05 18:47:02.097654,83683,48379690
2020-04-05 18:48:02.216099,83701,48380193
2020-04-05 18:49:02.234199,83746,48398032
2020-04-05 18:50:02.329733,83769,48399117
2020-04-05 18:51:02.315561,83787,48401739
2020-04-05 18:52:02.288565,83787,48401739
2020-04-05 18:53:02.336582,83804,48429984
2020-04-05 18:54:02.537541,83839,48470542
2020-04-05 18:55:02.606478,83862,48471497
2020-04-05 18:56:02.594866,83872,48476877
2020-04-05 18:57:02.582463,83872,48476877
2020-04-05 18:58:02.595369,83893,48478810
2020-04-05 18:59:02.601299,83920,48485793
2020-04-05 19:00:02.640012,83942,48489005
2020-04-05 19:01:02.735232,83963,48490159
2020-04-05 19:02:02.978626,83963,48490159
2020-04-05 19:03:01.957499,83983,48511946
2020-04-05 19:04:02.969725,84023,48543602
2020-04-05 19:05:01.985489,84042,48545230
2020-04-05 19:06:02.047339,84056,48545607
2020-04-05 19:07:02.106436,84056,48545607
2020-04-05 19:08:02.192497,84076,48583403
2020-04-05 19:10:02.204098,84132,48597221
2020-04-05 19:11:02.219673,84154,48602414
2020-04-05 19:12:02.213419,84154,48602414
2020-04-05 19:13:02.201370,84163,48606016
2020-04-05 19:14:02.258813,84213,48612879
2020-04-05 19:15:02.347456,84230,48624073
2020-04-05 19:16:02.339434,84248,48628149
2020-04-05 19:17:02.380597,84248,48628149
2020-04-05 19:18:02.479181,84249,48628152
2020-04-05 19:19:02.652369,84283,48631069
2020-04-05 19:20:02.669909,84297,48631733
2020-04-05 19:21:02.716785,84315,48640817
2020-04-05 19:22:03.240738,84315,48640817
2020-04-05 19:23:02.415280,84348,48650806
2020-04-05 19:24:02.573508,84370,48651203
2020-04-05 19:25:02.669690,84395,48651576
2020-04-05 19:26:02.905836,84412,48652905
2020-04-05 19:27:03.033372,84412,48652905
2020-04-05 19:28:02.040064,84442,48659702
2020-04-05 19:29:02.096923,84463,48661952
2020-04-05 19:30:02.070472,84477,48662714
2020-04-05 19:32:02.395054,84495,48663129
2020-04-05 19:33:02.408083,84527,48663804
2020-04-05 19:34:02.463320,84539,48664053
2020-04-05 19:36:02.490910,84567,48669822
2020-04-05 19:37:02.523282,84567,48669822
2020-04-05 19:38:02.573346,84599,48673489
2020-04-05 19:39:02.585560,84616,48676670
2020-04-05 19:40:02.563366,84636,48679298
2020-04-05 19:41:02.590775,84636,48679298
2020-04-05 19:42:02.554874,84651,48681793
2020-04-05 19:43:02.530710,84651,48681793
2020-04-05 19:44:02.540882,84692,48683840
2020-04-05 19:45:02.536875,84714,48688295
2020-04-05 19:46:02.538527,84733,48691645
2020-04-05 19:47:02.555523,84751,48692341
2020-04-05 19:48:02.608249,84751,48692341
2020-04-05 19:49:02.569063,84780,48697376
2020-04-05 19:50:02.589767,84807,48698954
2020-04-05 19:51:02.614577,84827,48700271
2020-04-05 19:52:02.614219,84846,48701419
2020-04-05 19:53:02.610109,84846,48701419
2020-04-05 19:54:02.602514,84870,48710289
2020-04-05 19:55:02.605992,84890,48710768
2020-04-05 19:56:02.620916,84899,48710845
2020-04-05 19:57:02.634700,84913,48711186
2020-04-05 19:58:02.678247,84913,48711186
2020-04-05 19:59:02.688271,84951,48715674
2020-04-05 20:00:02.888048,84970,48716994
2020-04-05 20:01:02.874017,84996,48724023
2020-04-05 20:02:03.086704,85008,48724311
2020-04-05 20:03:02.142672,85008,48724311
2020-04-05 20:04:02.172095,85044,48727348
2020-04-05 20:05:02.203139,85066,48737196
2020-04-05 20:06:02.191015,85077,48737455
2020-04-05 20:07:02.157650,85091,48737730
2020-04-05 20:08:02.148833,85091,48737730
2020-04-05 20:09:02.148083,85123,48743073
2020-04-05 20:10:02.398333,85140,48751031
2020-04-05 20:11:02.414707,85151,48780124
2020-04-05 20:12:02.432440,85157,48780667
2020-04-05 20:13:02.427937,85157,48780667
2020-04-05 20:14:02.527383,85193,48782264
2020-04-05 20:15:02.495449,85204,48785630
2020-04-05 20:16:02.476977,85214,48787264
2020-04-05 20:17:02.479269,85223,48787650
2020-04-05 20:18:02.475346,85240,48793079
2020-04-05 20:19:02.497606,85256,48799483
2020-04-05 20:20:02.535593,85266,48801885
2020-04-05 20:21:02.571500,85283,48802847
2020-04-05 20:22:02.681407,85300,48809683
2020-04-05 20:23:02.726766,85316,48810771
2020-04-05 20:24:02.749338,85324,48811219
2020-04-05 20:25:04.774913,85333,48826846
2020-04-05 20:26:02.792042,85349,48832853
2020-04-05 20:27:02.780423,85349,48832853
2020-04-05 20:28:02.786173,85374,48842463
2020-04-05 20:29:02.863273,85391,48843607
2020-04-05 20:35:01.997631,85527,48855915
2020-04-05 20:36:02.136683,85553,48856877
2020-04-05 20:37:02.107949,85553,48856877
2020-04-05 20:38:02.120377,85572,48859082
2020-04-05 20:39:02.139654,85604,48862725
2020-04-05 20:40:02.125379,85626,48863384
2020-04-05 20:41:02.129812,85648,48866038
2020-04-05 20:42:02.112347,85648,48866038
2020-04-05 20:43:02.066935,85672,48869841
2020-04-05 20:44:02.045017,85713,48881386
2020-04-05 20:45:02.003482,85732,48881795
2020-04-05 20:46:02.029864,85759,48887965
2020-04-05 20:47:02.057637,85759,48887965
2020-04-05 20:48:02.169952,85777,48889480
2020-04-05 20:49:02.168214,85808,49002385
2020-04-05 20:50:02.141547,85823,49012893
2020-04-05 20:51:02.158588,85843,49035088
2020-04-05 20:52:02.322676,85843,49035088
2020-04-05 20:53:02.364404,85856,49036165
2020-04-05 20:54:02.333291,85912,49070368
2020-04-05 20:55:02.371502,85940,49073844
2020-04-05 20:56:02.331332,85962,49074627
2020-04-05 20:57:02.289759,85962,49074627
2020-04-05 20:58:02.285913,85983,49080875
2020-04-05 20:59:02.268192,86025,49082347
2020-04-05 21:00:02.318858,86046,49084782
2020-04-05 21:01:02.278875,86063,49085055
2020-04-05 21:02:02.459297,86063,49085055
2020-04-05 21:03:02.499691,86085,49088411
2020-04-05 21:04:02.516659,86135,49107507
2020-04-05 21:05:02.547347,86149,49107981
2020-04-05 21:06:02.497452,86178,49115127
2020-04-05 21:07:02.454350,86178,49115127
2020-04-05 21:08:02.718589,86194,49115648
2020-04-05 21:10:02.690914,86255,49122977
2020-04-05 21:15:09.891668,86359,49143712
2020-04-05 21:16:02.938277,86359,49143712
2020-04-05 21:22:02.928130,86479,49160090
2020-04-05 21:23:03.079965,86517,49160889
2020-04-05 21:24:02.094211,86522,49161095
2020-04-05 21:30:02.373201,86651,49187828
2020-04-05 21:31:02.385308,86687,49191187
2020-04-05 21:32:02.482102,86687,49191187
2020-04-05 21:33:02.544600,86704,49192447
2020-04-05 21:34:02.653083,86727,49202939
2020-04-05 21:35:02.823320,86744,49204464
2020-04-05 21:36:02.940393,86783,49219388
2020-04-05 21:37:03.064169,86783,49219388
2020-04-05 21:43:02.214119,86869,49228020
2020-04-05 21:44:02.320724,86885,49229780
2020-04-05 21:45:02.452035,86894,49229850
2020-04-05 21:51:02.107678,87442,49448408
2020-04-05 21:56:17.922021,87546,49475015
2020-04-05 21:57:03.117377,87564,49477639
2020-04-05 21:58:02.258705,87564,49477639
2020-04-05 21:59:02.460215,87572,49477730
2020-04-05 22:00:02.995786,87588,49484548
2020-04-05 22:01:04.360129,87611,49489650
2020-04-05 22:02:02.501757,87623,49491249
2020-04-05 22:03:02.523426,87623,49491249
2020-04-05 22:04:02.684444,87636,49493814
2020-04-05 22:05:02.870390,87658,49524915
2020-04-05 22:06:02.948419,87699,49526505
2020-04-05 22:07:03.163932,87719,49570476
2020-04-05 22:08:02.300714,87719,49570476
2020-04-05 22:09:02.338956,87731,49572330
2020-04-05 22:10:02.424616,87766,49579604
2020-04-05 22:11:02.551690,87784,49582183
2020-04-05 22:12:02.569784,87796,49582444
2020-04-05 22:13:02.577843,87796,49582444
2020-04-05 22:14:02.646629,87814,49601865
2020-04-05 22:15:02.675303,87840,49602672
2020-04-05 22:16:02.652792,87850,49606670
2020-04-05 22:17:02.649548,87867,49612574
2020-04-05 22:18:02.638506,87867,49612574
2020-04-05 22:19:02.635255,87877,49614854
2020-04-05 22: